Date;Wallet;Type;Category name;Amount;Currency;Note;Labels;Author
19.06.2024 00:00;;;;-15.99;;HBO netflix bp orlen;;
18.06.2024 00:00;;;;-15.99;;cashback;;
16.06.2024 00:00;;;Car;-15.99;;orlen;paliwo;
17.02.2024 00:00;;;Food;-63.4;;UBER *EATS HELP.UBER.COM NLD;taxi;
09.02.2024 00:00;;;Other;-3061.0;;Przelew na telefon BLIK;;
08.02.2024 00:00;;;Other;-3061.0;;Przelew na telefon BLIK;;
06.02.2024 00:00;;;Transport;-22.99;;UBER *TRIP HELP.UBER.COM NLD;taxi;
05.02.2024 00:00;;;;-361.0;;Przelew na telefon BLIK;;
04.02.2024 00:00;;;Google;-10.0;;"SKLEP ""HIPCIA"" Warszawa PL";grocery,cornershop;
03.02.2024 00:00;;;;-24.14;;UBER *TRIP HELP.UBER.COM NLD;;
02.02.2024 00:00;;;;54.96;;Allegro Poznan PL;;
21.01.2024 00:00;;;;-19.99;;netflix MAX Prague CZE;;
21.01.2024 00:00;;;;-13.0;;sephora 1572 Warszawa PL;;
20.01.2024 00:00;;;;-29.99;;LIDL 1572 Warszawa PL;;
19.01.2024 00:00;;;;-13.99;;centrum ogrodnicze 1572 Warszawa PL;;
14.01.2024 00:00;;;;-13.0;;Orlen 1572 Warszawa PL;;
13.01.2024 00:00;;;;-15.99;;nocny targ 1572 Warszawa PL;;
12.01.2024 00:00;;;;-130.99;;smolna 1572 Warszawa PL;;
11.01.2024 00:00;;;;-38.0;;NORTH FISH WOLA PARK Warszawa PL;;
20.10.2023 00:00;;;;59.0;;dla rodzin sos;;
15.10.2023 10:00;MyWallet;;;40000000000.0;PLN;, PL933333285222229703, 5/83 02-112 WARSZAWA;;Lukk
14.10.2023 21:15;MyWallet;;;500000.0;;ALLEGRO PAY SP. Z O.O. UL. aaaa 1B 61-569 POZNAŃ PL, aliexpress Zwrot Allegro Pay 11123344 ALLEGRO PAY SP. Z O.O. UL. aaaa 1B 61-569 POZNAŃ PL;;
13.10.2023 12:10;MyWallet;;;75.0;;Transakcja kartą debetową, UBER *TRIP, UBER *TRIP;;
12.10.2023 20:44;Alior-manual;;;-99.0;PLN;pizza;;Lukk
11.10.2023 20:44;MyWallet;;;-99.0;PLN;booking.com;;Lukk
10.10.2023 20:44;Alior-manual;;;-46.03;PLN;Wolt Warszawa PL;;Lukk
01.10.2023 20:44;MyWallet;;;1000.0;PLN;reserved;taxi;Lukk
